Title,Price,Availability
A Light in the Attic,£51.77,In stock
Tipping the Velvet,£53.74,In stock
Soumission,£50.10,In stock
Sharp Objects,£47.82,In stock
Sapiens: A Brief History of Humankind,£54.23,In stock
The Requiem Red,£22.65,In stock
The Dirty Little Secrets of Getting Your Dream Job,£33.34,In stock
"The Coming Woman: A Novel Based on the Life of the Infamous Feminist, Victoria Woodhull",£17.93,In stock
The Boys in the Boat: Nine Americans and Their Epic Quest for Gold at the 1936 Berlin Olympics,£22.60,In stock
The Black Maria,£52.15,In stock
"Starving Hearts (Triangular Trade Trilogy, #1)",£13.99,In stock
Shakespeare's Sonnets,£20.66,In stock
Set Me Free,£17.46,In stock
Scott Pilgrim's Precious Little Life (Scott Pilgrim #1),£52.29,In stock
Rip it Up and Start Again,£35.02,In stock
"Our Band Could Be Your Life: Scenes from the American Indie Underground, 1981-1991",£57.25,In stock
Olio,£23.88,In stock
Mesaerion: The Best Science Fiction Stories 1800-1849,£37.59,In stock
Libertarianism for Beginners,£51.33,In stock
It's Only the Himalayas,£45.17,In stock
In Her Wake,£12.84,In stock
How Music Works,£37.32,In stock
"Foolproof Preserving: A Guide to Small Batch Jams, Jellies, Pickles, Condiments, and More: A Foolproof Guide to Making Small Batch Jams, Jellies, Pickles, Condiments, and More",£30.52,In stock
Chase Me (Paris Nights #2),£25.27,In stock
Black Dust,£34.53,In stock
Birdsong: A Story in Pictures,£54.64,In stock
America's Cradle of Quarterbacks: Western Pennsylvania's Football Factory from Johnny Unitas to Joe Montana,£22.50,In stock
Aladdin and His Wonderful Lamp,£53.13,In stock
Worlds Elsewhere: Journeys Around Shakespeareâs Globe,£40.30,In stock
Wall and Piece,£44.18,In stock
The Four Agreements: A Practical Guide to Personal Freedom,£17.66,In stock
The Five Love Languages: How to Express Heartfelt Commitment to Your Mate,£31.05,In stock
The Elephant Tree,£23.82,In stock
The Bear and the Piano,£36.89,In stock
Sophie's World,£15.94,In stock
Penny Maybe,£33.29,In stock
Maude (1883-1993):She Grew Up with the country,£18.02,In stock
"In a Dark, Dark Wood",£19.63,In stock
Behind Closed Doors,£52.22,In stock
You can't bury them all: Poems,£33.63,In stock
